,Titel
0,"5 Gründe, warum die Serie «Babylon Berlin» total begeistert"
1,Babylon Berlin (Folge 1/16)
2,Kann man «Babylon Berlin» auch zeitversetzt schauen?
3,Charles Aznavour ist tot
4,CEO von Juventus geht – Gerüchte um Zidane mehren sich
5,Roman Bürki: Vom Risikofaktor zum Bollwerk
6,"Slapstick, Sixpack, Sonntagsschuss!"
7,Weshalb wurden die Menschen von der Welle überrascht?
8,Über 1200 Tote befürchtet
9,Die grosse Vorfreude auf die «Menschenwand»
10,Traumlos für FCZ-Frauen
11,Italien kandidiert nun doch für 2026
12,Mit diesen Tipps wirst du Pilzsammler-Pro
13,Augen auf beim Pilze sammeln
14,"«The Cleaners»: Diese Billigarbeiter löschen Folter, Sex und Mord"
15,Max Hubacher über seine Rolle als psychisch Kranker
16,Wie der Heisshunger der Amerikaner die Donuts löcherte
17,Wieviel Gentechnik steckt in unserem Essen?
18,Fast Food erster Güte: French Toast mit Etivaz
19,Digitale Entgiftung wird uns nicht heilen
20,Legt das Handy weg!
21,"Lass dich drücken, Dummerchen"
22,Mit Ursula Brunner bekam das Elend am Platzspitz ein Gesicht
23,Zürich Junkietown
24,Grand Tour der Schweiz: Von Zürich ins Berner Oberland
25,Grand Tour der Schweiz: Vom Jura bis ins Wallis
26,Vor 50 Jahren wurde das Schweizer Fernsehen farbig
27,Es werde Farbe! – 50 Jahre Farbfernsehen
28,Von diesem Georgier kriege ich den Flattermann
29,Wegen «Marlène» bleibt Philippe Djian Kult für mich!
30,"Wettbewerb ""Die ideale Sekretärin"" (1969)"
31,Touristen reisen durch die Schweiz in zwei Tagen (1970)
32,Feriensportlager in Fiesch (1987)
33,Die höchste Dreiseilbahn der Welt ist eröffnet
34,Lugano trotzt dem FC Basel einen Punkt ab
35,Donald Trump macht eine Liebeserklärung
36,"Tagesschau vom 30.09.2018, 19:30"
37,Die Zahl der Opfer steigt
38,Eindrückliche Bilder in der «Höll» kurz vor dem Ziel
39,Sion ist dank einem Sieg in Luzern nicht mehr das Schlusslicht
40,Meteo am Mittag vom 01.10.2018
41,Tagesschau Mittag vom 01.10.2018
42,Lena - Liebe meines Lebens vom 01.10.2018
43,Drohnen am Frankfurter Nachthimmel
44,Wieso muss der Mensch Wasser trinken?
45,Sanogo: «Wir sind nicht nervös»
46,Fassnacht: «Wir müssen realistisch bleiben.»
47,Die höchste Dreiseilbahn der Welt ist eröffnet
48,Die Zahl der Opfer steigt
49,Babylon Berlin (Folge 1/16)
50,Tagesschau Mittag vom 01.10.2018
51,Sanogo: «Wir sind nicht nervös»
52,Steffi Graf macht den Golden Slam perfekt
53,Fassnacht: «Wir müssen realistisch bleiben.»
