Id,Label,Date,Image,followers_count,friends_count
1000738565452681216,voyageswiss,Sun May 27 14:00:41 +0000 2018,https://pbs.twimg.com/profile_images/1003213945530978304/4UwLDEuU_normal.jpg,698,3666
1002663290,hedilamnna,Mon Dec 10 22:04:26 +0000 2012,https://pbs.twimg.com/profile_images/524926283717681152/S887P05B_normal.jpeg,1654,1608
1020575708895211520,Andreas09681970,Sat Jul 21 07:46:25 +0000 2018,https://pbs.twimg.com/profile_images/1020641774681886720/ydioNHZ-_normal.jpg,1,4
1020577676837441537,bastian_eckert,Sat Jul 21 07:54:14 +0000 2018,https://pbs.twimg.com/profile_images/1020647137493889025/pOqP2hUJ_normal.jpg,1,4
1020638001334976513,BettinaFeldman6,Sat Jul 21 11:53:56 +0000 2018,https://pbs.twimg.com/profile_images/1020648681668861952/sXhf_CBF_normal.jpg,1,4
1022581658,DaniSchafroth,Wed Dec 19 18:05:25 +0000 2012,https://pbs.twimg.com/profile_images/2995597072/0a99a4c7077790ca0681ea001fe84391_normal.jpeg,1794,2856
1027903065943404544,GeriSchrotter,Fri Aug 10 13:02:43 +0000 2018,https://pbs.twimg.com/profile_images/1027910538926481409/AY7IisOC_normal.jpg,1017,238
1060216226893434880,HaiydiB,Wed Nov 07 17:03:41 +0000 2018,https://pbs.twimg.com/profile_images/1072643481288523776/4fdKnIyP_normal.jpg,664,104
1060392348553826304,officialzfl,Thu Nov 08 04:43:31 +0000 2018,https://pbs.twimg.com/profile_images/1064057265932681216/t9016m3t_normal.jpg,76,82
1062754270729158656,CMBachofen,Wed Nov 14 17:08:57 +0000 2018,https://pbs.twimg.com/profile_images/1062790144221200384/Xp8gIuYc_normal.jpg,15,20
1064291875291570177,7_Luna_Lovegood,Sun Nov 18 22:58:51 +0000 2018,https://pbs.twimg.com/profile_images/1069336657042780161/HtAVYSfj_normal.jpg,89,279
109004078,Profitland,Wed Jan 27 17:32:49 +0000 2010,https://pbs.twimg.com/profile_images/1067536778079469569/l4lWbFBe_normal.jpg,4433,3526
111436476,gedankenwirren,Thu Feb 04 22:49:54 +0000 2010,https://pbs.twimg.com/profile_images/488384789800816642/loR6594w_normal.jpeg,392,846
113033208,ProfitlandNet,Wed Feb 10 13:45:54 +0000 2010,https://pbs.twimg.com/profile_images/1067540687791554562/Po4zMz60_normal.jpg,6000,4824
113050080,ProfitNetwork,Wed Feb 10 14:53:43 +0000 2010,https://pbs.twimg.com/profile_images/1067534771683766272/eQrNmxqf_normal.jpg,7728,6205
1159750206,ValjaMilin,Fri Feb 08 10:17:03 +0000 2013,https://pbs.twimg.com/profile_images/1060329992209481733/9YpHymb3_normal.jpg,586,81
1165537094,Swiss_ch_steel,Sun Feb 10 10:28:33 +0000 2013,https://pbs.twimg.com/profile_images/3398132077/966fb7714bae43a7adfb222c7383dad5_normal.jpeg,4,18
123612939,FedericaCambini,Tue Mar 16 17:12:07 +0000 2010,https://pbs.twimg.com/profile_images/1031617360749383683/RcrDP6NQ_normal.jpg,1461,2172
12392362,FelixZRH,Fri Jan 18 09:02:01 +0000 2008,https://pbs.twimg.com/profile_images/1059194050480402438/lLm7a6cc_normal.jpg,3495,5001
128222457,SwissNetInc,Wed Mar 31 13:44:12 +0000 2010,https://pbs.twimg.com/profile_images/1848864002/Folie1_normal.PNG,38065,37405
13344262,sms2sms,Mon Feb 11 12:19:25 +0000 2008,https://pbs.twimg.com/profile_images/824625884481122305/_on_3YaK_normal.png,1951,39
138083232,swiss_geoportal,Wed Apr 28 15:39:49 +0000 2010,https://pbs.twimg.com/profile_images/1190442843/logo_geoportal_normal.png,5036,441
1387968151,wolter_steven,Sun Apr 28 21:20:10 +0000 2013,https://pbs.twimg.com/profile_images/518115878681190400/hiPysMkV_normal.jpeg,10,81
14077609,andreasamsler,Tue Mar 04 12:31:57 +0000 2008,https://pbs.twimg.com/profile_images/678101865695977472/5Jn5sRK7_normal.jpg,1731,2826
14273050,NZZ,Tue Apr 01 07:36:31 +0000 2008,https://pbs.twimg.com/profile_images/1006460634236628992/dc1hsh9d_normal.jpg,389078,2523
1449373734,Blitzsche,Wed May 22 16:43:29 +0000 2013,https://pbs.twimg.com/profile_images/530674386580152320/NdaN2LsF_normal.jpeg,1415,997
145957031,claudineheinz,Thu May 20 08:13:15 +0000 2010,https://pbs.twimg.com/profile_images/798949350139396096/kkWDEH2Y_normal.jpg,130,94
1550547547,Easyspotting,Thu Jun 27 12:35:09 +0000 2013,https://pbs.twimg.com/profile_images/1028324562361049088/j2_5l22Y_normal.jpg,7359,474
155523596,solawiinzueri,Mon Jun 14 11:06:27 +0000 2010,https://pbs.twimg.com/profile_images/866209450797015040/_Bbd0tIx_normal.jpg,626,1483
1578125996,edelweiss330,Mon Jul 08 16:57:16 +0000 2013,https://pbs.twimg.com/profile_images/967540209477935105/LiCwURh2_normal.jpg,3335,4996
163785653,gd_zuerich,Wed Jul 07 07:57:18 +0000 2010,https://pbs.twimg.com/profile_images/2680088912/6da1ee5c1dd5196021467da555dcb38f_normal.jpeg,1454,11
164184258,JosefWiederkehr,Thu Jul 08 07:04:28 +0000 2010,https://pbs.twimg.com/profile_images/841718571646504961/MGDzeVrd_normal.jpg,2066,3373
168710245,FrankMenger,Tue Jul 20 15:58:27 +0000 2010,https://pbs.twimg.com/profile_images/2948733030/2be0b8927c175984a1d08faebd30b9db_normal.jpeg,1905,1726
1745539134,fcthun_official,Sat Sep 07 11:11:23 +0000 2013,https://pbs.twimg.com/profile_images/554641604338671616/euJFDt5R_normal.png,5471,22
175146462,metaldutti89,Thu Aug 05 19:18:33 +0000 2010,https://pbs.twimg.com/profile_images/775009897058533378/7h9PPCoN_normal.jpg,436,2090
182821543,edjaworska,Wed Aug 25 13:43:52 +0000 2010,https://pbs.twimg.com/profile_images/1840899649/PICTURE19X_EDJ_a_normal.jpg,1931,2226
18292592,jonasbieri,Sun Dec 21 20:47:52 +0000 2008,https://pbs.twimg.com/profile_images/673456220829671426/FnZK03yk_normal.jpg,80,178
1897170068,Commuter8,Mon Sep 23 12:28:42 +0000 2013,https://pbs.twimg.com/profile_images/735517943153459203/mNOGnwTH_normal.jpg,44,90
190626981,StackDevJobs,Tue Sep 14 12:53:24 +0000 2010,https://pbs.twimg.com/profile_images/643779014268579840/bRJStj7A_normal.png,18654,321
20095584,Jedi_Knight_Jo,Wed Feb 04 21:24:41 +0000 2009,https://pbs.twimg.com/profile_images/1066375511935512576/QpsnGvDH_normal.jpg,919,614
202985146,tagesanzeiger,Fri Oct 15 07:59:41 +0000 2010,https://pbs.twimg.com/profile_images/887226064682061824/VsIlL4Zr_normal.jpg,176900,1180
20689135,srfsport,Thu Feb 12 16:14:16 +0000 2009,https://pbs.twimg.com/profile_images/990930715884875776/ZViVxcFA_normal.jpg,125795,478
217034168,linkedktk,Thu Nov 18 12:01:08 +0000 2010,https://pbs.twimg.com/profile_images/601866480506941442/LfeaQlaU_normal.jpg,829,538
2255302334,CVP_Zuerich,Fri Dec 20 17:32:38 +0000 2013,https://pbs.twimg.com/profile_images/414087447916462080/adSrJXLq_normal.jpeg,598,314
225875696,StuartBlakley,Sun Dec 12 17:49:51 +0000 2010,https://pbs.twimg.com/profile_images/626102688284049409/2KDtYSW7_normal.jpg,149,140
2266503733,DCA_Conductor,Sat Dec 28 22:08:28 +0000 2013,https://pbs.twimg.com/profile_images/961999313076236288/h6D_DgIS_normal.jpg,1632,409
2303451512,karibik541,Tue Jan 21 17:40:11 +0000 2014,https://pbs.twimg.com/profile_images/1072523092696674305/bTeyYT7x_normal.jpg,1149,1010
2306914782,dlb18975299,Thu Jan 23 17:00:22 +0000 2014,https://pbs.twimg.com/profile_images/556285371181314048/ooJW1IGI_normal.jpeg,103,57
2331768961,MoT_cast,Fri Feb 07 12:06:46 +0000 2014,https://pbs.twimg.com/profile_images/883647074910294016/GyVZANlR_normal.jpg,867,544
236309486,DonGoginho,Mon Jan 10 08:46:30 +0000 2011,https://pbs.twimg.com/profile_images/879987868445396992/SkuHu2kN_normal.jpg,472,740
246721155,AFVZuerich,Thu Feb 03 10:10:08 +0000 2011,https://pbs.twimg.com/profile_images/958323399532654592/cWvxHprt_normal.jpg,619,244
24938614,FCBasel1893,Tue Mar 17 19:36:38 +0000 2009,https://pbs.twimg.com/profile_images/1062842881717747717/eAj2nwtJ_normal.jpg,115538,48
252418471,MetalTitans,Tue Feb 15 04:26:54 +0000 2011,https://pbs.twimg.com/profile_images/926664552636227585/PnVyVFQq_normal.jpg,4591,3254
25254764,andreaskirstein,Thu Mar 19 07:21:05 +0000 2009,https://pbs.twimg.com/profile_images/783052513608097792/w-wvc2Eu_normal.jpg,508,353
2572556132,mk4058,Tue Jun 17 09:05:52 +0000 2014,https://pbs.twimg.com/profile_images/832881470817570816/71F7P9po_normal.jpg,355,692
25812913,treinreiziger,Sun Mar 22 12:39:19 +0000 2009,https://pbs.twimg.com/profile_images/612366813696028672/xmSRTO8J_normal.jpg,7633,470
2584393508,MDatzberger,Mon Jun 23 18:14:18 +0000 2014,https://pbs.twimg.com/profile_images/1056544683533524992/dv1QnplW_normal.jpg,80199,67725
259232598,Missi65,Tue Mar 01 12:34:55 +0000 2011,https://pbs.twimg.com/profile_images/902165450716581889/63l2cN64_normal.jpg,885,860
2601323054,KayFoerschle,Thu Jul 03 08:56:30 +0000 2014,https://pbs.twimg.com/profile_images/611892554800480257/rnUqM1wH_normal.jpg,17,227
26777021,Dr_Kakerlake,Thu Mar 26 15:45:40 +0000 2009,https://pbs.twimg.com/profile_images/2895688688/12da266698f1c8f518b7b2546040661f_normal.jpeg,805,2475
275112201,HeinzLindenmann,Thu Mar 31 17:08:58 +0000 2011,https://pbs.twimg.com/profile_images/932901173937483776/C5ywI6gz_normal.jpg,952,2829
2905278124,seuny54000,Thu Dec 04 16:21:35 +0000 2014,https://pbs.twimg.com/profile_images/1065552453775560704/6P8VS6bL_normal.jpg,69,11
2910644884,csarasuagar,Mon Dec 08 08:25:24 +0000 2014,https://pbs.twimg.com/profile_images/1060300152735457281/KI2F_M7b_normal.jpg,497,826
292327970,NZZSport,Tue May 03 13:39:07 +0000 2011,https://pbs.twimg.com/profile_images/733202052139102209/Ul4Wg4KQ_normal.jpg,1925,271
2927827333,FC_Basel_tr,Fri Dec 12 20:29:57 +0000 2014,https://pbs.twimg.com/profile_images/1062977932967190528/0ypmBXce_normal.jpg,604,52
2956936937,Irem_Lochmann,Fri Jan 02 17:16:32 +0000 2015,https://pbs.twimg.com/profile_images/946760993564188672/luomo1qA_normal.jpg,372,232
301413295,IreneTroxler,Thu May 19 12:40:02 +0000 2011,https://pbs.twimg.com/profile_images/940623892355469312/hyPVlrN9_normal.jpg,578,190
3023480746,LB20101960,Sat Feb 07 16:53:48 +0000 2015,https://pbs.twimg.com/profile_images/1067885335991017472/VS0JQ5Zw_normal.jpg,408,571
3096451480,TomEhrenberger,Thu Mar 19 09:55:06 +0000 2015,https://pbs.twimg.com/profile_images/578495467442413568/wk0V2jyY_normal.png,2395,4095
3123623474,MoT_Masterclass,Wed Apr 01 09:17:40 +0000 2015,https://pbs.twimg.com/profile_images/883355697739698176/KiRabACk_normal.jpg,1503,929
3135113487,jdstrub,Sat Apr 04 21:18:46 +0000 2015,https://pbs.twimg.com/profile_images/638256223339577344/OGxZjVaZ_normal.jpg,402,509
3289108752,sandralove_girl,Thu Jul 23 20:31:51 +0000 2015,https://pbs.twimg.com/profile_images/957177293700558848/eH2Ueifg_normal.jpg,3058,420
329556541,dbFCZ,Tue Jul 05 08:22:41 +0000 2011,https://pbs.twimg.com/profile_images/3151650165/335695cc8de2558ed8c880e311cc1ca9_normal.png,711,75
33047609,fc_zuerich,Sat Apr 18 23:18:10 +0000 2009,https://pbs.twimg.com/profile_images/895529549076758528/_0uLqv4X_normal.jpg,20138,105
3314634431,GLOCKENHOF_ZH,Tue Jun 09 07:55:14 +0000 2015,https://pbs.twimg.com/profile_images/608184700549611521/ulcsUT5O_normal.jpg,20978,21294
3363869463,JuliaJaywalker,Tue Jul 07 09:57:57 +0000 2015,https://pbs.twimg.com/profile_images/1048673738034753536/IFgeDDb8_normal.jpg,3052,331
3395777655,0231Jana,Thu Jul 30 17:23:33 +0000 2015,https://pbs.twimg.com/profile_images/1070621307677622272/RMeV9DEP_normal.jpg,3705,1564
3407698420,riccioale19,Fri Aug 07 19:32:58 +0000 2015,https://pbs.twimg.com/profile_images/1033342430517649411/Wb87loy0_normal.jpg,1512,4989
3414086001,elkepoley,Tue Aug 11 02:36:23 +0000 2015,https://pbs.twimg.com/profile_images/947821294141214720/JonAvjJ1_normal.jpg,1345,5002
342631350,Andre__Mueller,Tue Jul 26 10:05:17 +0000 2011,https://pbs.twimg.com/profile_images/922585905545785344/i7KcXjwo_normal.jpg,639,632
351496811,__Mari06,Tue Aug 09 09:59:15 +0000 2011,https://pbs.twimg.com/profile_images/571417525489913856/cU1KVgr4_normal.jpeg,1699,1717
364384953,kuppp005,Mon Aug 29 17:45:24 +0000 2011,https://pbs.twimg.com/profile_images/1702705110/377977_2363753006652_1035177628_32154546_1130709973_n_normal.jpg,4406,4836
366175274,Rossaliena,Thu Sep 01 18:13:13 +0000 2011,https://pbs.twimg.com/profile_images/839619041794932738/NfP3oRHY_normal.jpg,2267,2092
367682868,12terMann_AT,Sun Sep 04 11:30:38 +0000 2011,https://pbs.twimg.com/profile_images/897876525088993280/IhaAeYbV_normal.jpg,2431,507
37391313,BEARZBEARZBEARZ,Sun May 03 09:00:10 +0000 2009,https://pbs.twimg.com/profile_images/1052473594037456896/ybm1vn4o_normal.jpg,1324,4995
3801795495,zwoelf_app,Mon Sep 28 08:30:12 +0000 2015,https://pbs.twimg.com/profile_images/648415077016694784/3458kFMj_normal.png,1002,560
399370075,Glggli,Thu Oct 27 11:57:53 +0000 2011,https://pbs.twimg.com/profile_images/1609070560/der_schuh_des_manitu026_normal.jpg,18,136
408548113,NZZzuerich,Wed Nov 09 15:30:05 +0000 2011,https://pbs.twimg.com/profile_images/733202507590176768/JzhXkf0x_normal.jpg,3482,215
42252696,Pemumm,Sun May 24 18:07:18 +0000 2009,https://pbs.twimg.com/profile_images/765650958500171776/I0_rpDj4_normal.jpg,435,984
425075648,KhaledKarouri,Wed Nov 30 14:39:31 +0000 2011,https://pbs.twimg.com/profile_images/922577745237958656/ODW5csw6_normal.jpg,18469,4962
429674948,EggerAndrea,Tue Dec 06 07:36:33 +0000 2011,https://pbs.twimg.com/profile_images/971824094529368065/zphxGf-R_normal.jpg,31,87
437588125,pascallamprecht,Thu Dec 15 16:00:23 +0000 2011,https://pbs.twimg.com/profile_images/1816743964/P1060330_normal.JPG,351,999
4695031999,Zurichspotter,Sat Jan 02 08:54:47 +0000 2016,https://pbs.twimg.com/profile_images/683588194449801216/MvyM-xT8_normal.jpg,1765,11
46988913,ChrisDangerReid,Sat Jun 13 23:44:50 +0000 2009,https://pbs.twimg.com/profile_images/892455129160568832/Oq2pm8CZ_normal.jpg,277,587
472834631,333monique,Tue Jan 24 10:42:24 +0000 2012,https://pbs.twimg.com/profile_images/966262794197839872/fOizjkxE_normal.jpg,53,144
479445216,FWWinterberg,Tue Jan 31 11:42:40 +0000 2012,https://pbs.twimg.com/profile_images/421958227547283456/GJDEMi8b_normal.jpeg,9983,10241
4869675245,andreas_wisst,Mon Feb 01 16:26:02 +0000 2016,https://pbs.twimg.com/profile_images/919601808678539264/u4QFrril_normal.jpg,24542,23058
488830152,PaulLamperd,Fri Feb 10 22:00:40 +0000 2012,https://pbs.twimg.com/profile_images/777422116799021056/mj8Lfr2M_normal.jpg,437,1287
492607392,rstocker_sky,Tue Feb 14 22:33:54 +0000 2012,https://pbs.twimg.com/profile_images/2272810942/image_normal.jpg,3304,3357
495880776,UKordeck,Sat Feb 18 12:02:44 +0000 2012,https://abs.twimg.com/sticky/default_profile_images/default_profile_normal.png,421,405
50645038,FELDart,Thu Jun 25 13:29:37 +0000 2009,https://pbs.twimg.com/profile_images/344513261581407385/3c55c063d37d0c2e2adca1d742ef6b3b_normal.jpeg,2477,4004
52680265,_diver,Wed Jul 01 09:34:09 +0000 2009,https://pbs.twimg.com/profile_images/948103826694746113/VAk05H0N_normal.jpg,69,24
537114100,metalinside,Mon Mar 26 10:51:09 +0000 2012,https://pbs.twimg.com/profile_images/454521708066504704/Pwnzu0Zd_normal.jpeg,241,683
540087657,MV_Zuerich,Thu Mar 29 14:02:51 +0000 2012,https://pbs.twimg.com/profile_images/1055442153386729472/XJl5gFb9_normal.jpg,815,449
55343681,mmznr,Thu Jul 09 19:59:38 +0000 2009,https://pbs.twimg.com/profile_images/552948031536893953/mLSQyWJq_normal.png,515,667
55522036,sportch,Fri Jul 10 09:56:47 +0000 2009,https://pbs.twimg.com/profile_images/1006195814484598784/-UzYAm0C_normal.jpg,4668,494
561916773,canteiro_hugo,Tue Apr 24 08:17:40 +0000 2012,https://pbs.twimg.com/profile_images/603238715129995265/zR8-fCuT_normal.jpg,2688,2365
605495577,Lord_of_Sail,Mon Jun 11 13:21:01 +0000 2012,https://pbs.twimg.com/profile_images/772403727319859200/XX0kqKrF_normal.jpg,374,495
620197067,nadhuberson,Wed Jun 27 17:45:41 +0000 2012,https://pbs.twimg.com/profile_images/1034578533207695360/PQC_ZP_Y_normal.jpg,664,776
624668875,OpenDataZurich,Mon Jul 02 13:26:16 +0000 2012,https://pbs.twimg.com/profile_images/879994650420969472/9LgTogJG_normal.jpg,6656,4262
70380613,geoObserver_,Mon Aug 31 12:29:47 +0000 2009,https://pbs.twimg.com/profile_images/863357128379179008/SFlsoWb1_normal.jpg,617,847
708622213780480000,linaschreibt,Sat Mar 12 11:54:36 +0000 2016,https://pbs.twimg.com/profile_images/1043515650050863106/4V0fj2Pd_normal.jpg,4781,3613
712056426177421313,B757pics,Mon Mar 21 23:20:56 +0000 2016,https://pbs.twimg.com/profile_images/714236912920313856/qRBe4bA5_normal.jpg,244,113
717784448,FC_Basel_en,Thu Jul 26 09:39:14 +0000 2012,https://pbs.twimg.com/profile_images/1062843895162290176/UcsilJXs_normal.jpg,23028,52
720352675,mGTS85,Fri Jul 27 15:29:00 +0000 2012,https://pbs.twimg.com/profile_images/1070386159082192899/cAEDhrfH_normal.jpg,2827,1004
72072706,MD80com,Sun Sep 06 16:48:23 +0000 2009,https://pbs.twimg.com/profile_images/1973701917/Ohne-Titel-1_normal.gif,4294,2519
722576059,reiss_gabi,Sat Jul 28 17:54:25 +0000 2012,https://pbs.twimg.com/profile_images/1070726481914007552/3KqNx9vC_normal.jpg,62,192
724288337012387840,Miltong1976,Sun Apr 24 17:26:10 +0000 2016,https://pbs.twimg.com/profile_images/724292447983947776/HQQRjEjg_normal.jpg,590,1396
748570964439490560,LSportCH,Thu Jun 30 17:36:40 +0000 2016,https://pbs.twimg.com/profile_images/1020311625553924097/Nm12qg9X_normal.jpg,418,414
756536297364320256,UrsSprenger,Fri Jul 22 17:08:03 +0000 2016,https://pbs.twimg.com/profile_images/756538360756375552/tN_SSKj2_normal.jpg,400,1631
757293523,srfzuerich,Tue Aug 14 14:48:51 +0000 2012,https://pbs.twimg.com/profile_images/990963173284073472/whKyvQoC_normal.jpg,6303,2813
764176997090267136,hjboesch,Fri Aug 12 19:09:28 +0000 2016,https://pbs.twimg.com/profile_images/1043939690699722757/HN3glamt_normal.jpg,471,89
765272280024965120,Baselinfo2,Mon Aug 15 19:41:44 +0000 2016,https://pbs.twimg.com/profile_images/980902413984026625/poitHFNT_normal.jpg,808,740
76653252,operzuerich,Wed Sep 23 14:14:06 +0000 2009,https://pbs.twimg.com/profile_images/2537613417/tiwhbpr39oo1cwjdfi3y_normal.jpeg,23144,7810
767675409336897536,NVSData,Mon Aug 22 10:50:55 +0000 2016,https://pbs.twimg.com/profile_images/767676905025712128/3PQZQ0O__normal.jpg,1664,293
775904053,lenomty,Thu Aug 23 12:51:36 +0000 2012,https://pbs.twimg.com/profile_images/984792332376604673/WV88d2le_normal.jpg,180,235
778497337,WalterAngst,Fri Aug 24 16:14:11 +0000 2012,https://pbs.twimg.com/profile_images/2575979165/tbsn09dxmjvyjvrzua50_normal.jpeg,501,339
788101550711382017,metzgereikeller,Mon Oct 17 19:37:06 +0000 2016,https://pbs.twimg.com/profile_images/788367243595902976/9dDxttmF_normal.jpg,1558,1344
800967760989880321,Ulrik_von,Tue Nov 22 07:42:50 +0000 2016,https://pbs.twimg.com/profile_images/1042162640829636608/Z7853KfZ_normal.jpg,86,159
808278027717251072,thuritch,Mon Dec 12 11:51:13 +0000 2016,https://pbs.twimg.com/profile_images/943240938297679873/4XW6yfxC_normal.jpg,129,131
819652946,AngeloR54671811,Wed Sep 12 14:17:16 +0000 2012,https://pbs.twimg.com/profile_images/1031523449234227201/3pu66x_Z_normal.jpg,13610,12624
830746618450309120,peterbeckbooks,Sun Feb 12 11:53:23 +0000 2017,https://pbs.twimg.com/profile_images/830750683284529154/tSyfk0ra_normal.jpg,246,411
833715346506993664,ETH_physics,Mon Feb 20 16:30:03 +0000 2017,https://pbs.twimg.com/profile_images/833748020747522049/FEUablDF_normal.jpg,1356,107
852545804011175937,34Eule,Thu Apr 13 15:35:34 +0000 2017,https://abs.twimg.com/sticky/default_profile_images/default_profile_normal.png,180,527
862658023,MarianneSchro11,Fri Oct 05 07:15:24 +0000 2012,https://pbs.twimg.com/profile_images/1012806442817122304/PFPRBkWE_normal.jpg,2457,1944
864595786356621312,mark_j_mueller,Tue May 16 21:37:53 +0000 2017,https://pbs.twimg.com/profile_images/864609546236444672/KV0ntinE_normal.jpg,6061,4492
86624549,andreshofer,Sat Oct 31 23:45:33 +0000 2009,https://pbs.twimg.com/profile_images/2191049558/2012-05-04_14.36.58_normal.jpg,2917,3731
875637231112683522,PlaneSpotIsCool,Fri Jun 16 08:52:39 +0000 2017,https://pbs.twimg.com/profile_images/875665682691764224/ml5CCics_normal.jpg,2953,4694
879424110283165696,fcbasel1893s,Mon Jun 26 19:40:21 +0000 2017,https://pbs.twimg.com/profile_images/879428985456873477/kl0QX4_t_normal.jpg,58,48
888095166539739137,Annalis75327421,Thu Jul 20 17:56:02 +0000 2017,https://pbs.twimg.com/profile_images/888161954698866688/ZNMuk_3S_normal.jpg,168,165
891462473404096512,FintechJoe,Sun Jul 30 00:56:31 +0000 2017,https://pbs.twimg.com/profile_images/891607027029610496/dXOd1ZDB_normal.jpg,443,685
92360681,toblerette,Tue Nov 24 20:43:06 +0000 2009,https://pbs.twimg.com/profile_images/2857846580/836d338363fc1994906f435d6e1ce4d3_normal.png,1822,580
955549819233341441,BrunoLauper,Mon Jan 22 21:16:45 +0000 2018,https://pbs.twimg.com/profile_images/955554423161409536/gMVsYVrJ_normal.jpg,28,22
969830888807849984,AVENORM1,Sat Mar 03 07:04:37 +0000 2018,https://pbs.twimg.com/profile_images/988079761565081600/x1kTL8OK_normal.jpg,6,16
972470072412463106,Andrija33593814,Sat Mar 10 13:51:47 +0000 2018,https://pbs.twimg.com/profile_images/1044872685447204870/kbHs4GNP_normal.jpg,21,37
975754740272418821,conmedicon,Mon Mar 19 15:23:53 +0000 2018,https://pbs.twimg.com/profile_images/975755184751210496/-NpZ_irb_normal.jpg,106,994
976184926725984266,RAADARde,Tue Mar 20 19:53:17 +0000 2018,https://pbs.twimg.com/profile_images/976431630523994112/yvqe4ynJ_normal.jpg,46,1
977139628313600002,AIZuerich,Fri Mar 23 11:06:56 +0000 2018,https://pbs.twimg.com/profile_images/1061862757610479616/NubfiJdi_normal.jpg,180,743
978267947255914496,Gynaekologie_ZH,Mon Mar 26 13:50:28 +0000 2018,https://pbs.twimg.com/profile_images/992449373773672450/9dNHQsg-_normal.jpg,2,1
978641355206479872,Gynaekologie_SH,Tue Mar 27 14:34:16 +0000 2018,https://pbs.twimg.com/profile_images/992449040733364224/_XOiLRIB_normal.jpg,2,2
996033962878251008,iuY0jx47oBZfIlO,Mon May 14 14:26:16 +0000 2018,https://pbs.twimg.com/profile_images/1015206280158273537/aKGXIWtC_normal.jpg,2447,5000
998263883088515072,SimonWyss2,Sun May 20 18:07:11 +0000 2018,https://pbs.twimg.com/profile_images/1006189773487210496/0_v0JV6n_normal.jpg,5,0
998308467852095488,reisedirektEU,Sun May 20 21:04:21 +0000 2018,https://pbs.twimg.com/profile_images/1036731768093790213/WdtUwYSM_normal.jpg,794,3340
1021773684015620096,,,,,
2306291760,,,,,
2955404464,byH_Leitenbauer,Thu Jan 01 19:37:52 +0000 2015,https://pbs.twimg.com/profile_images/634133074981187585/zSKFAKRS_normal.jpg,68735,946
2651205816,HighlanderBosso,Wed Jul 16 14:30:10 +0000 2014,https://pbs.twimg.com/profile_images/1018779225262784512/3LKi5_II_normal.jpg,10186,2090
14095644,,,,,
4777012343,,,,,
14591071,,,,,
430183964,,,,,
438767655,1886_gc_zuerich,Sat Dec 17 00:30:29 +0000 2011,https://pbs.twimg.com/profile_images/912327419029278721/CXbXFq59_normal.jpg,17772,95
96948912,,,,,
206630486,spzuerich,Sat Oct 23 11:12:19 +0000 2010,https://pbs.twimg.com/profile_images/1067046869325529088/oNSR8IV8_normal.jpg,2627,420
14770715,,,,,
1544084768,,,,,
17870970,,,,,
215557634,,,,,
2420636070,,,,,
260732660,,,,,
2841118787,zwingli2018,Wed Oct 22 11:41:45 +0000 2014,https://pbs.twimg.com/profile_images/765892863293030400/d7o1-ccO_normal.jpg,203,481
335181321,,,,,
857216209988792320,,,,,
943580453268844544,higgsmag,Wed Dec 20 20:34:45 +0000 2017,https://pbs.twimg.com/profile_images/948963484263505921/dLbYKGPH_normal.jpg,1559,747
983671876126945281,wikinews_ch,Tue Apr 10 11:43:45 +0000 2018,https://pbs.twimg.com/profile_images/1030473943164116993/YfegR3rf_normal.jpg,86,374
804596291250569216,OD_ACal,Fri Dec 02 08:01:19 +0000 2016,https://pbs.twimg.com/profile_images/804666731381854209/nYO7XcKm_normal.jpg,326,304
10228272,,,,,
1709973019,OpenDataZH,Thu Aug 29 12:48:50 +0000 2013,https://pbs.twimg.com/profile_images/983254986824990720/ob_Cfdrn_normal.jpg,1417,888
377432459,al_zuerich,Wed Sep 21 15:30:09 +0000 2011,https://pbs.twimg.com/profile_images/462614227849474048/42HhToIV_normal.png,1342,84
506349796,,,,,
3352433428,,,,,
251186081,KantonZuerich,Sat Feb 12 16:29:24 +0000 2011,https://pbs.twimg.com/profile_images/420186190067683328/o5uj2B3o_normal.png,11906,540
3163938257,,,,,
5912372,tagi,Wed May 09 21:49:15 +0000 2007,https://pbs.twimg.com/profile_images/887226144520622081/dIz2c6IH_normal.jpg,23287,43
85299581,finews_ch,Mon Oct 26 12:09:23 +0000 2009,https://pbs.twimg.com/profile_images/2654500297/8bc4196e583836fbdf7133855ffe711d_normal.png,7736,266
183651742,unsereOEBB,Fri Aug 27 15:00:15 +0000 2010,https://pbs.twimg.com/profile_images/992465674516779008/VqEUye_E_normal.jpg,12945,59
1612844172,,,,,
1107268454,,,,,
172375021,,,,,
2380493820,,,,,
72560162,,,,,
400481969,Bryn_Terfel,Sat Oct 29 03:21:10 +0000 2011,https://pbs.twimg.com/profile_images/803834310088388608/N40_YkPl_normal.jpg,19492,959
941887106397429762,,,,,
14245896,ingostoll,Fri Mar 28 18:38:47 +0000 2008,https://pbs.twimg.com/profile_images/477577648722673664/2EKCYM5K_normal.jpeg,3358,925
266794106,vd_zuerich,Tue Mar 15 20:44:20 +0000 2011,https://pbs.twimg.com/profile_images/563649248885866497/npjG2dA5_normal.jpeg,763,35
20674226,,,,,
599870448,,,,,
16200044,NS_Int,Tue Sep 09 09:38:51 +0000 2008,https://pbs.twimg.com/profile_images/960441616375967744/17CGkhjI_normal.jpg,17125,6917
67698245,mauritswever,Fri Aug 21 19:42:20 +0000 2009,https://pbs.twimg.com/profile_images/936202006854881280/0xq5MkNG_normal.jpg,346,575
783055346541686788,noordwestexpres,Mon Oct 03 21:25:17 +0000 2016,https://pbs.twimg.com/profile_images/783056593277640704/3ZH_g-lA_normal.jpg,771,334
255226431,,,,,
387042539,,,,,
861597623517663232,,,,,
2946129982,,,,,
789605024,,,,,
2191409085,,,,,
378070769,,,,,
737758968626458626,,,,,
743024249141637120,WeLovedWWE,Wed Jun 15 10:16:00 +0000 2016,https://pbs.twimg.com/profile_images/1072925208128950272/2KDHeg9Z_normal.jpg,585,108
747004928221118464,justiz_ch,Sun Jun 26 09:53:48 +0000 2016,https://pbs.twimg.com/profile_images/747005697687195648/sbcp2n3n_normal.jpg,371,9
23046389,,,,,
373944734,KapoZuerich,Thu Sep 15 12:56:51 +0000 2011,https://pbs.twimg.com/profile_images/778599271046246400/j7Uf4Nep_normal.jpg,6139,42
312854504,,,,,
1653282278,FC_Basel_fr,Wed Aug 07 15:56:20 +0000 2013,https://pbs.twimg.com/profile_images/1062842651949576192/UzVSfUPs_normal.jpg,5432,164
924334824,TheBluejaysUK,Sun Nov 04 00:46:45 +0000 2012,https://pbs.twimg.com/profile_images/691302383217963008/R4El4m-V_normal.png,2395,1993
180475987,,,,,
189662629,ArtWendeley,Sat Sep 11 21:58:33 +0000 2010,https://pbs.twimg.com/profile_images/1069833312137592832/2TJxeLZr_normal.jpg,6326,3195
842808457745121281,,,,,
90152392,,,,,
87774000,,,,,
3760626981,,,,,
923992110767968256,,,,,
1735084123,,,,,
339803096,a_gossweiler,Thu Jul 21 17:46:43 +0000 2011,https://pbs.twimg.com/profile_images/559025097265008641/w_SKKWfe_normal.png,730,182
869467382279962624,SATW_ch,Tue May 30 08:15:52 +0000 2017,https://pbs.twimg.com/profile_images/869468598577889280/zPdsUIAi_normal.jpg,2519,2398
109312021,,,,,
115123104,,,,,
120127817,,,,,
124450567,,,,,
180720589,,,,,
186386857,,,,,
206249234,,,,,
21389998,,,,,
22910295,,,,,
296756458,,,,,
2991724937,,,,,
454873450,,,,,
46862437,,,,,
64680554,,,,,
728031373,fczenit_en,Tue Jul 31 09:50:28 +0000 2012,https://pbs.twimg.com/profile_images/760749025008185344/PCI-E-uY_normal.jpg,37030,522
91402003,,,,,
39528842,,,,,
18527723,,,,,
356227170,,,,,
1095223194,mayatoGmbH,Wed Jan 16 13:37:55 +0000 2013,https://pbs.twimg.com/profile_images/728520982365913088/rbh5UTp7_normal.jpg,674,1776
928716555306917895,,,,,
356849992,,,,,
39084495,,,,,
202806809,ETH,Thu Oct 14 21:33:06 +0000 2010,https://pbs.twimg.com/profile_images/378800000473502381/20b08fa38f1365b96da392c3276a5699_normal.png,32401,452
2738012154,,,,,
277466640,,,,,
974636608006819842,,,,,
469549703,,,,,
630653641,DailyTalk,Mon Jul 09 00:42:50 +0000 2012,https://pbs.twimg.com/profile_images/1019247100058587137/Z-Mz9Aq8_normal.jpg,410,11
